SNP	gnomAD_id	Allele_major	Allele_minor	Population	Sex	MA_count	N_alleles	N_homozygotes	MAF
rs41310927	1-197070697-T-C (GRCh37)	T	C	nfe		20908	48040	4526	0.4352
rs41310927	1-197070697-T-C (GRCh37)	T	C	est		1906	4146	452	0.4597
rs41310927	1-197070697-T-C (GRCh37)	T	C	nwe		6754	15358	1493	0.4398
rs41310927	1-197070697-T-C (GRCh37)	T	C	swe		5564	12674	1207	0.439
rs41310927	1-197070697-T-C (GRCh37)	T	C	bgr		294	678	62	0.4336
rs41310927	1-197070697-T-C (GRCh37)	T	C	onf		4433	10408	923	0.4259
rs41310927	1-197070697-T-C (GRCh37)	T	C	seu		1957	4776	389	0.4098
rs41310927	1-197070697-T-C (GRCh37)	T	C	nfe	Female	9454	21624	2075	0.4372
rs41310927	1-197070697-T-C (GRCh37)	T	C	nfe	Male	11454	26416	2451	0.4336
rs41310927	1-197070697-T-C (GRCh37)	T	C	asj		947	2358	186	0.4016
rs41310927	1-197070697-T-C (GRCh37)	T	C	asj	Male	457	1120	90	0.408
rs41310927	1-197070697-T-C (GRCh37)	T	C	asj	Female	490	1238	96	0.3958
rs41310927	1-197070697-T-C (GRCh37)	T	C	oth		893	2306	176	0.3873
rs41310927	1-197070697-T-C (GRCh37)	T	C	oth	Male	434	1112	95	0.3903
rs41310927	1-197070697-T-C (GRCh37)	T	C	oth	Female	459	1194	81	0.3844
rs41310927	1-197070697-T-C (GRCh37)	T	C	fin		4728	12964	875	0.3647
rs41310927	1-197070697-T-C (GRCh37)	T	C	fin	Female	2233	6122	410	0.3648
rs41310927	1-197070697-T-C (GRCh37)	T	C	fin	Male	2495	6842	465	0.3647
rs41310927	1-197070697-T-C (GRCh37)	T	C	sas		4854	15678	777	0.3096
rs41310927	1-197070697-T-C (GRCh37)	T	C	sas	Male	3586	11468	579	0.3127
rs41310927	1-197070697-T-C (GRCh37)	T	C	sas	Female	1268	4210	198	0.3012
rs41310927	1-197070697-T-C (GRCh37)	T	C	amr		3647	17266	417	0.2112
rs41310927	1-197070697-T-C (GRCh37)	T	C	amr	Male	1505	6964	176	0.2161
rs41310927	1-197070697-T-C (GRCh37)	T	C	amr	Female	2142	10302	241	0.2079
rs41310927	1-197070697-T-C (GRCh37)	T	C	eas		1645	9916	141	0.1659
rs41310927	1-197070697-T-C (GRCh37)	T	C	oea		1209	7038	105	0.1718
rs41310927	1-197070697-T-C (GRCh37)	T	C	jpn		19	112	3	0.1696
rs41310927	1-197070697-T-C (GRCh37)	T	C	kor		259	1866	21	0.1388
rs41310927	1-197070697-T-C (GRCh37)	T	C	eas	Male	801	4816	71	0.1663
rs41310927	1-197070697-T-C (GRCh37)	T	C	eas	Female	844	5100	70	0.1655
rs41310927	1-197070697-T-C (GRCh37)	T	C	afr		819	9708	41	0.08436
rs41310927	1-197070697-T-C (GRCh37)	T	C	afr	Female	475	5388	28	0.08816
rs41310927	1-197070697-T-C (GRCh37)	T	C	afr	Male	344	4320	13	0.07963
rs41310927	1-197070697-T-C (GRCh37)	T	C	all		38441	118236	7139	0.3251
rs41310927	1-197070697-T-C (GRCh37)	T	C	all	Male	21076	63058	3940	0.3342
rs41310927	1-197070697-T-C (GRCh37)	T	C	all	Female	17365	55178	3199	0.3147
rs41308365	1-197070707-G-A (GRCh37)	G	A	nfe		20865	48038	4505	0.4343
rs41308365	1-197070707-G-A (GRCh37)	G	A	est		1904	4144	452	0.4595
rs41308365	1-197070707-G-A (GRCh37)	G	A	nwe		6738	15356	1485	0.4388
rs41308365	1-197070707-G-A (GRCh37)	G	A	swe		5548	12672	1200	0.4378
rs41308365	1-197070707-G-A (GRCh37)	G	A	bgr		294	678	62	0.4336
rs41308365	1-197070707-G-A (GRCh37)	G	A	onf		4421	10408	915	0.4248
rs41308365	1-197070707-G-A (GRCh37)	G	A	seu		1960	4780	391	0.41
rs41308365	1-197070707-G-A (GRCh37)	G	A	nfe	Female	9423	21614	2062	0.436
rs41308365	1-197070707-G-A (GRCh37)	G	A	nfe	Male	11442	26424	2443	0.433
rs41308365	1-197070707-G-A (GRCh37)	G	A	asj		946	2356	186	0.4015
rs41308365	1-197070707-G-A (GRCh37)	G	A	asj	Male	455	1118	89	0.407
rs41308365	1-197070707-G-A (GRCh37)	G	A	asj	Female	491	1238	97	0.3966
rs41308365	1-197070707-G-A (GRCh37)	G	A	oth		887	2304	176	0.385
rs41308365	1-197070707-G-A (GRCh37)	G	A	oth	Male	431	1110	95	0.3883
rs41308365	1-197070707-G-A (GRCh37)	G	A	oth	Female	456	1194	81	0.3819
rs41308365	1-197070707-G-A (GRCh37)	G	A	fin		4748	13018	875	0.3647
rs41308365	1-197070707-G-A (GRCh37)	G	A	fin	Female	2240	6128	407	0.3655
rs41308365	1-197070707-G-A (GRCh37)	G	A	fin	Male	2508	6890	468	0.364
rs41308365	1-197070707-G-A (GRCh37)	G	A	sas		4854	15680	777	0.3096
rs41308365	1-197070707-G-A (GRCh37)	G	A	sas	Male	3585	11468	579	0.3126
rs41308365	1-197070707-G-A (GRCh37)	G	A	sas	Female	1269	4212	198	0.3013
rs41308365	1-197070707-G-A (GRCh37)	G	A	amr		3648	17268	417	0.2113
rs41308365	1-197070707-G-A (GRCh37)	G	A	amr	Male	1504	6964	176	0.216
rs41308365	1-197070707-G-A (GRCh37)	G	A	amr	Female	2144	10304	241	0.2081
rs41308365	1-197070707-G-A (GRCh37)	G	A	eas		1646	9906	142	0.1662
rs41308365	1-197070707-G-A (GRCh37)	G	A	oea		1211	7036	106	0.1721
rs41308365	1-197070707-G-A (GRCh37)	G	A	jpn		19	112	3	0.1696
rs41308365	1-197070707-G-A (GRCh37)	G	A	kor		259	1862	21	0.1391
rs41308365	1-197070707-G-A (GRCh37)	G	A	eas	Male	801	4810	71	0.1665
rs41308365	1-197070707-G-A (GRCh37)	G	A	eas	Female	845	5096	71	0.1658
rs41308365	1-197070707-G-A (GRCh37)	G	A	afr		819	9716	41	0.08429
rs41308365	1-197070707-G-A (GRCh37)	G	A	afr	Female	475	5394	28	0.08806
rs41308365	1-197070707-G-A (GRCh37)	G	A	afr	Male	344	4322	13	0.07959
rs41308365	1-197070707-G-A (GRCh37)	G	A	all		38413	118286	7119	0.3247
rs41308365	1-197070707-G-A (GRCh37)	G	A	all	Male	21070	63106	3934	0.3339
rs41308365	1-197070707-G-A (GRCh37)	G	A	all	Female	17343	55180	3185	0.3143
rs3762271	1-197070442-G-T (GRCh37)	G	T	nfe		20820	47886	4515	0.4348
rs3762271	1-197070442-G-T (GRCh37)	G	T	est		1932	4162	467	0.4642
rs3762271	1-197070442-G-T (GRCh37)	G	T	nwe		6741	15340	1488	0.4394
rs3762271	1-197070442-G-T (GRCh37)	G	T	swe		5486	12540	1191	0.4375
rs3762271	1-197070442-G-T (GRCh37)	G	T	bgr		294	678	62	0.4336
rs3762271	1-197070442-G-T (GRCh37)	G	T	onf		4423	10406	921	0.425
rs3762271	1-197070442-G-T (GRCh37)	G	T	seu		1944	4760	386	0.4084
rs3762271	1-197070442-G-T (GRCh37)	G	T	nfe	Female	9417	21544	2074	0.4371
rs3762271	1-197070442-G-T (GRCh37)	G	T	nfe	Male	11403	26342	2441	0.4329
rs3762271	1-197070442-G-T (GRCh37)	G	T	asj		939	2344	184	0.4006
rs3762271	1-197070442-G-T (GRCh37)	G	T	asj	Male	456	1116	90	0.4086
rs3762271	1-197070442-G-T (GRCh37)	G	T	asj	Female	483	1228	94	0.3933
rs3762271	1-197070442-G-T (GRCh37)	G	T	oth		896	2310	178	0.3879
rs3762271	1-197070442-G-T (GRCh37)	G	T	oth	Male	435	1116	95	0.3898
rs3762271	1-197070442-G-T (GRCh37)	G	T	oth	Female	461	1194	83	0.3861
rs3762271	1-197070442-G-T (GRCh37)	G	T	fin		5178	14338	957	0.3611
rs3762271	1-197070442-G-T (GRCh37)	G	T	fin	Female	2490	6894	458	0.3612
rs3762271	1-197070442-G-T (GRCh37)	G	T	fin	Male	2688	7444	499	0.3611
rs3762271	1-197070442-G-T (GRCh37)	G	T	sas		4847	15662	778	0.3095
rs3762271	1-197070442-G-T (GRCh37)	G	T	sas	Male	3580	11460	579	0.3124
rs3762271	1-197070442-G-T (GRCh37)	G	T	sas	Female	1267	4202	199	0.3015
rs3762271	1-197070442-G-T (GRCh37)	G	T	amr		3640	17262	414	0.2109
rs3762271	1-197070442-G-T (GRCh37)	G	T	amr	Male	1500	6964	174	0.2154
rs3762271	1-197070442-G-T (GRCh37)	G	T	amr	Female	2140	10298	240	0.2078
rs3762271	1-197070442-G-T (GRCh37)	G	T	eas		1637	9872	140	0.1658
rs3762271	1-197070442-G-T (GRCh37)	G	T	oea		20	114	3	0.1754
rs3762271	1-197070442-G-T (GRCh37)	G	T	jpn		1204	7020	104	0.1715
rs3762271	1-197070442-G-T (GRCh37)	G	T	kor		254	1842	21	0.1379
rs3762271	1-197070442-G-T (GRCh37)	G	T	eas	Male	843	5082	71	0.1659
rs3762271	1-197070442-G-T (GRCh37)	G	T	eas	Female	794	4790	69	0.1658
rs3762271	1-197070442-G-T (GRCh37)	G	T	afr		818	9712	41	0.08423
rs3762271	1-197070442-G-T (GRCh37)	G	T	afr	Female	473	5388	28	0.08779
rs3762271	1-197070442-G-T (GRCh37)	G	T	afr	Male	345	4324	13	0.07979
rs3762271	1-197070442-G-T (GRCh37)	G	T	all		38775	119386	7207	0.3248
rs3762271	1-197070442-G-T (GRCh37)	G	T	all	Male	21201	63556	3960	0.3336
rs3762271	1-197070442-G-T (GRCh37)	G	T	all	Female	17574	55830	3247	0.3148
